{
    "Accesorios" : [
        {
            "Nombre" : "Cinturon de Piel",
            "Precio" : "$200",
            "LinkImg" : "../IMG/SECCION-HOMBRE/ACCESORIOS/cinturon-de-piel-bufalo-D_NQ_NP_671117-MLM31218414915_062019-O.jpg"
        },

        {
            "Nombre" : "Collar de Acero",
            "Precio" : "$100",
            "LinkImg" : "../IMG/SECCION-HOMBRE/ACCESORIOS/collar-de-acero-inoxidable-carta-del-padre-al-hijo-D_NQ_NP_772651-MLM41152914926_032020-O.jpg"
        },

        {
            "Nombre" : "Gorra Desk Negra",
            "Precio" : "$120",
            "LinkImg" : "../IMG/SECCION-HOMBRE/ACCESORIOS/gorras-dosk-gabardina-D_NQ_NP_813776-MLM31237818676_062019-O.jpg"
        },

        {
            "Nombre" : "Gorra de Malla Negra y Gris",
            "Precio" : "$150",
            "LinkImg" : "../IMG/SECCION-HOMBRE/ACCESORIOS/gorras-dosk-malla-D_NQ_NP_989815-MLM29415258088_022019-O.jpg"
        },

        {
            "Nombre" : "Gorra de Pokemon",
            "Precio" : "$210",
            "LinkImg" : "../IMG/SECCION-HOMBRE/ACCESORIOS/gorra-truker-ash-ketchum-pokemon-go-bordada-con-envio-gr-D_NQ_NP_981146-MLM42309513827_062020-O.jpg"
        },

        {
            "Nombre" : "Gorra Under Negra",
            "Precio" : "$110",
            "LinkImg" : "../IMG/SECCION-HOMBRE/ACCESORIOS/gorra-under-armour-core-canvas-100-original-D_NQ_NP_786854-MLM28849026564_122018-O.jpg"
        },

        {
            "Nombre" : "Lentes de Sol",
            "Precio" : "$135",
            "LinkImg" : "../IMG/SECCION-HOMBRE/ACCESORIOS/lentes-de-sol-hawkers-one-hombre-y-mujer-elige-tu-color-D_NQ_NP_746991-MLM41422466630_042020-O.jpg"
        },

        {
            "Nombre" : "Mancuerna de PacMan",
            "Precio" : "$280",
            "LinkImg" : "../IMG/SECCION-HOMBRE/ACCESORIOS/mancuernillas-pacman-gemelos-camisa-traje-accesorios-caja-D_NQ_NP_710679-MLM31224791394_062019-O.jpg"
        },

        {
            "Nombre" : "Cubrebocas",
            "Precio" : "$50",
            "LinkImg" : "../IMG/SECCION-HOMBRE/ACCESORIOS/mascarilla-cubreboca-lavable-masculino-diferentes-colores-D_NQ_NP_705564-MLM41619800265_052020-O.jpg"
        },

        {
            "Nombre" : "Mochila Para Laptop",
            "Precio" : "$900",
            "LinkImg" : "../IMG/SECCION-HOMBRE/ACCESORIOS/mochila-para-laptop-de-17-in-impermeable-antirrobo-D_NQ_NP_787135-MLM42834863231_072020-O.jpg"
        },

        {
            "Nombre" : "SmartWach",
            "Precio" : "$1500",
            "LinkImg" : "../IMG/SECCION-HOMBRE/ACCESORIOS/reloj-inteligente-para-hombres-y-mujeres-D_NQ_NP_782601-MLM42781570942_072020-O.jpg"
        }
    ],

    "Camisas" : [
        {
            "Nombre" : "Camisa Estilo Militar",
            "Precio" : "$150",
            "LinkImg" : "../IMG/SECCION-HOMBRE/CAMISAS/Q_NP_626993-MLM43010517298_082020-O.png"
        },

        {
            "Nombre" : "Camisa de Cuadros",
            "Precio" : "$200",
            "LinkImg" : "../IMG/SECCION-HOMBRE/CAMISAS/Q_NP_636713-MLM31238206766_062019-O.png"
        },

        {
            "Nombre" : "Camisa Veracruzana",
            "Precio" : "$130",
            "LinkImg" : "../IMG/SECCION-HOMBRE/CAMISAS/Q_NP_644041-MLM42041748340_062020-O.png"
        },

        {
            "Nombre" : "Camisa Negra Lisa",
            "Precio" : "$100",
            "LinkImg" : "../IMG/SECCION-HOMBRE/CAMISAS/Q_NP_677831-MLM31238363197_062019-O.png"
        },

        {
            "Nombre" : "Camisa de Cuadros Roja",
            "Precio" : "$140",
            "LinkImg" : "../IMG/SECCION-HOMBRE/CAMISAS/Q_NP_870150-MLM41871066933_052020-O.png"
        },

        {
            "Nombre" : "Camisa de Cuadros Roja con Gorra",
            "Precio" : "$250",
            "LinkImg" : "../IMG/SECCION-HOMBRE/CAMISAS/Q_NP_894116-MLM41345125456_042020-O.png"
        },

        {
            "Nombre" : "Camisa de Rayas Verticales",
            "Precio" : "$130",
            "LinkImg" : "../IMG/SECCION-HOMBRE/CAMISAS/Q_NP_898830-MLM43258712536_082020-O.png"
        },

        {
            "Nombre" : "Camisa Negra Gruesa",
            "Precio" : "$400",
            "LinkImg" : "../IMG/SECCION-HOMBRE/CAMISAS/Q_NP_907745-MLM42008798296_052020-O.png"
        },

        {
            "Nombre" : "Camisa Negra de Manga Corta",
            "Precio" : "$160",
            "LinkImg" : "../IMG/SECCION-HOMBRE/CAMISAS/Q_NP_970842-MLM40698763001_022020-O.png"
        },

        {
            "Nombre" : "Camisa Negra Marga Larga",
            "Precio" : "$120",
            "LinkImg" : "../IMG/SECCION-HOMBRE/CAMISAS/Q_NP_972008-MLM40600705040_012020-O.png"
        },

        {
            "Nombre" : "Camisa Manga Corta Color Vino",
            "Precio" : "$100",
            "LinkImg" : "../IMG/SECCION-HOMBRE/CAMISAS/Q_NP_987606-MLM42304155131_062020-O.png"
        }
    ],

    "Pantalones" : [
        {
            "Nombre" : "Pantalón Gris",
            "Precio" : "$300",
            "LinkImg" : "../IMG/SECCION-HOMBRE/PANTALONES/Q_NP_603995-MLM31234593448_062019-O.png"
        },

        {
            "Nombre" : "Pantalón Estilo Militar",
            "Precio" : "$250",
            "LinkImg" : "../IMG/SECCION-HOMBRE/PANTALONES/Q_NP_619771-MLM41558620845_042020-O.png"
        },

        {
            "Nombre" : "Pantalón Color Mostaza",
            "Precio" : "$200",
            "LinkImg" : "../IMG/SECCION-HOMBRE/PANTALONES/Q_NP_632460-MLM31238720279_062019-O.png"
        },

        {
            "Nombre" : "Pantalón de Mezclilla",
            "Precio" : "$290",
            "LinkImg" : "../IMG/SECCION-HOMBRE/PANTALONES/Q_NP_651172-MLM41425894854_042020-O.png"
        },

        {
            "Nombre" : "Pantalón Color Naranja",
            "Precio" : "$245",
            "LinkImg" : "../IMG/SECCION-HOMBRE/PANTALONES/Q_NP_712711-MLM32769012260_112019-O.png"
        },

        {
            "Nombre" : "Pantalón tipo Jogger",
            "Precio" : "$360",
            "LinkImg" : "../IMG/SECCION-HOMBRE/PANTALONES/Q_NP_723326-MLM42981578689_082020-O.png"
        },

        {
            "Nombre" : "Pantalón Negro Liso",
            "Precio" : "$200",
            "LinkImg" : "../IMG/SECCION-HOMBRE/PANTALONES/Q_NP_755212-MLM42014969222_052020-O.png"
        },

        {
            "Nombre" : "Pantalón Tipo Jogger Color Crema",
            "Precio" : "$370",
            "LinkImg" : "../IMG/SECCION-HOMBRE/PANTALONES/Q_NP_855713-MLM42565809127_072020-O.png"
        },

        {
            "Nombre" : "Pantalón Negro",
            "Precio" : "$280",
            "LinkImg" : "../IMG/SECCION-HOMBRE/PANTALONES/Q_NP_941793-MLM42836480022_072020-O.png"
        },

        {
            "Nombre" : "Pantalón De Mezclilla",
            "Precio" : "$190",
            "LinkImg" : "../IMG/SECCION-HOMBRE/PANTALONES/Q_NP_961059-MLM43209750116_082020-O.png"
        }
    ],

    "Playeras" : [
        {
            "Nombre" : "Playera Roja",
            "Precio" : "$100",
            "LinkImg" : "../IMG/SECCION-HOMBRE/PLAYERAS/Q_NP_679187-MLM40597993473_012020-O.png"
        },

        {
            "Nombre" : "Playera DeadPol",
            "Precio" : "$120",
            "LinkImg" : "../IMG/SECCION-HOMBRE/PLAYERAS/Q_NP_694497-MLM43258825539_082020-O.png"
        },

        {
            "Nombre" : "Playera Error 404",
            "Precio" : "$150",
            "LinkImg" : "../IMG/SECCION-HOMBRE/PLAYERAS/Q_NP_752674-MLM32703531787_102019-O.png"
        },

        {
            "Nombre" : "Playera Coding",
            "Precio" : "$140",
            "LinkImg" : "../IMG/SECCION-HOMBRE/PLAYERAS/Q_NP_795168-MLM41572656841_042020-O.png"
        },

        {
            "Nombre" : "Playera Roja Letras Japonesas",
            "Precio" : "$130",
            "LinkImg" : "../IMG/SECCION-HOMBRE/PLAYERAS/Q_NP_831188-MLM43223111183_082020-O.png"
        },

        {
            "Nombre" : "Playeras Gris Abstracta",
            "Precio" : "$130",
            "LinkImg" : "../IMG/SECCION-HOMBRE/PLAYERAS/Q_NP_840876-MLM43223111198_082020-O.png"
        },

        {
            "Nombre" : "Plaeya Tipo Polo Azul",
            "Precio" : "$180",
            "LinkImg" : "../IMG/SECCION-HOMBRE/PLAYERAS/Q_NP_846897-MLM42580540812_072020-O.png"
        },

        {
            "Nombre" : "Playera Pac-Man",
            "Precio" : "$200",
            "LinkImg" : "../IMG/SECCION-HOMBRE/PLAYERAS/Q_NP_907118-MLM28994826338_122018-O.png"
        },

        {
            "Nombre" : "Playera Negra Con Estampado",
            "Precio" : "$120",
            "LinkImg" : "../IMG/SECCION-HOMBRE/PLAYERAS/Q_NP_945648-MLM43258786543_082020-O.png"
        },

        {
            "Nombre" : "Playera Hierro",
            "Precio" : "$180",
            "LinkImg" : "../IMG/SECCION-HOMBRE/PLAYERAS/Q_NP_999489-MLM31236280133_062019-O.png"
        }
    ],

    "Sueteres" : [
        {
            "Nombre" : "Sueter con Estampado Lateral",
            "Precio" : "$200",
            "LinkImg" : "../IMG/SECCION-HOMBRE/SUETERES/sudadera-con-capucha-hombre-estampado-lateral-color-amarillo-D_NQ_NP_727088-MLM42234616927_062020-O.jpg"
        },

        {
            "Nombre" : "Sudadera Tipo Hoddie",
            "Precio" : "$300",
            "LinkImg" : "../IMG/SECCION-HOMBRE/SUETERES/sudadera-hoodie-sueter-excelente-tacto-hombre-2101-D_NQ_NP_781633-MLM31219011746_062019-O.jpg"
        },

        {
            "Nombre" : "Sueter de Cuello Alto Azul",
            "Precio" : "$210",
            "LinkImg" : "../IMG/SECCION-HOMBRE/SUETERES/sudadera-sueter-con-cuello-moda-para-hombre-caballero-3005-D_NQ_NP_800388-MLM27091473495_032018-O.jpg"
        },

        {
            "Nombre" : "Sueter Cardigan Color Naranja",
            "Precio" : "$280",
            "LinkImg" : "../IMG/SECCION-HOMBRE/SUETERES/sueter-cardigan-hombre-botones-frontales-color-marron-lob-D_NQ_NP_947402-MLM32630433278_102019-O.jpg"
        },

        {
            "Nombre" : "Sueter Rojo",
            "Precio" : "$215",
            "LinkImg" : "../IMG/SECCION-HOMBRE/SUETERES/sueter-casual-para-hombre-con-franja-generra-828801-D_NQ_NP_800329-MLM31231967759_062019-O.jpg"
        },

        {
            "Nombre" : "Sueter Gris",
            "Precio" : "$280",
            "LinkImg" : "../IMG/SECCION-HOMBRE/SUETERES/sueter-casual-para-hombre-promocion-generra-828806-D_NQ_NP_634075-MLM31919821759_082019-O.jpg"
        },

        {
            "Nombre" : "Sudadera con Gorro Gris",
            "Precio" : "$320",
            "LinkImg" : "../IMG/SECCION-HOMBRE/SUETERES/sueter-gorro-yankees-nfl-logo-letras-dama-y-caballero-D_NQ_NP_889735-MLM40419549223_012020-O.jpg"
        },

        {
            "Nombre" : "Sueter con Gorro",
            "Precio" : "$315",
            "LinkImg" : "../IMG/SECCION-HOMBRE/SUETERES/sueter-hombre-greenlander-sw6761-invierno-tejido-D_NQ_NP_835135-MLM32287242049_092019-O.jpg"
        },

        {
            "Nombre" : "Sueter Ligero Azul",
            "Precio" : "$280",
            "LinkImg" : "../IMG/SECCION-HOMBRE/SUETERES/sueter-ligero-hombre-estampado-a-rayas-color-azul-lob-D_NQ_NP_830838-MLM32632310890_102019-O.jpg"
        },

        {
            "Nombre" : "Sueter Pesado Amarillo",
            "Precio" : "$295",
            "LinkImg" : "../IMG/SECCION-HOMBRE/SUETERES/sueter-pesado-hombre-cuello-redondo-color-amarillo-lob-D_NQ_NP_608122-MLM32632427389_102019-O.jpg"
        },

        {
            "Nombre" : "Sueter Tipo Polo",
            "Precio" : "$300",
            "LinkImg" : "../IMG/SECCION-HOMBRE/SUETERES/us-polo-sueter-multicolor-uslswt-46-7988-hombre-D_NQ_NP_730656-MLM40672323309_022020-O.jpg"
        }
    ],

    "Tennis" : [
        {
            "Nombre" : "Tennis de Piel Color Negros",
            "Precio" : "$",
            "LinkImg" : "../IMG/SECCION-HOMBRE/TENNIS/Q_NP_658233-MLM42947134913_072020-O.png"
        },

        {
            "Nombre" : "Tennis Blancos con Azul",
            "Precio" : "$",
            "LinkImg" : "../IMG/SECCION-HOMBRE/TENNIS/Q_NP_707749-MLM42978970229_082020-O.png"
        },
        
        {
            "Nombre" : "Tennis de Tipo Piel Color Negro con Franjas Rojas",
            "Precio" : "$",
            "LinkImg" : "../IMG/SECCION-HOMBRE/TENNIS/Q_NP_777655-MLM43258899313_082020-O.png"
        },
        
        {
            "Nombre" : "Tennis de Tela Negro con Gris",
            "Precio" : "$",
            "LinkImg" : "../IMG/SECCION-HOMBRE/TENNIS/Q_NP_781561-MLM43258904300_082020-O.png"
        },
        
        {
            "Nombre" : "Tennis Negros de Bota",
            "Precio" : "$",
            "LinkImg" : "../IMG/SECCION-HOMBRE/TENNIS/Q_NP_821257-MLM31238610886_062019-O.png"
        },
        
        {
            "Nombre" : "Tennis Pirma Negro",
            "Precio" : "$",
            "LinkImg" : "../IMG/SECCION-HOMBRE/TENNIS/Q_NP_822279-MLM41070494869_032020-O.png"
        },
        
        {
            "Nombre" : "Tennis Negros DC",
            "Precio" : "$",
            "LinkImg" : "../IMG/SECCION-HOMBRE/TENNIS/Q_NP_824516-MLM42171112229_062020-O.png"
        },
        
        {
            "Nombre" : "Tennis Negros DC",
            "Precio" : "$",
            "LinkImg" : "../IMG/SECCION-HOMBRE/TENNIS/Q_NP_825076-MLM40694555973_022020-O.png"
        },
        
        {
            "Nombre" : "Tennis Adidas Grises",
            "Precio" : "$",
            "LinkImg" : "../IMG/SECCION-HOMBRE/TENNIS/Q_NP_944612-MLM41223958542_032020-O.png"
        },
        
        {
            "Nombre" : "Tennis Negro con Verde",
            "Precio" : "$",
            "LinkImg" : "../IMG/SECCION-HOMBRE/TENNIS/Q_NP_961621-MLM41245158392_032020-O.png"
        },
        
        {
            "Nombre" : "Tennis DC Azules",
            "Precio" : "$",
            "LinkImg" : "../IMG/SECCION-HOMBRE/TENNIS/Q_NP_967070-MLM31239082083_062019-O.png"
        }
    ]

}