{
    "Accesorios" : [
        {
            "Nombre" : "Cartera Para Dama Con Porta Pasaporte",
            "Precio" : "$600", 
            "LinkImg" : "../IMG/SECCION-MUJER/ACCESORIOS/cartera-dama-y-porta-passaporte-mujer-con-bloqueo-rfid-D_NQ_NP_964311-MLB40890297667_022020-O.jpg"
        },

        {
            "Nombre" : "Collar Media Luna Metalico",
            "Precio" : "$360",
            "LinkImg" : "../IMG/SECCION-MUJER/ACCESORIOS/collar-media-luna-brilla-oscuridad-luminiscente-metalico-D_NQ_NP_742635-MLM42645137917_072020-O.jpg"
        },

        {
            "Nombre" : "Diadema Para Mujer",
            "Precio" : "$80",
            "LinkImg" : "../IMG/SECCION-MUJER/ACCESORIOS/diadema-para-forrar-y-manualidades-100-pzas-2-cm-negra-D_NQ_NP_760544-MLM41828561822_052020-O.jpg"
        },

        {
            "Nombre" : "Lentes de Sol Carbonizados",
            "Precio" : "$250",
            "LinkImg" : "../IMG/SECCION-MUJER/ACCESORIOS/lentes-de-sol-hawkers-carbon-black-dark-one-D_NQ_NP_872476-MLM31367720363_072019-O.jpg"
        },

        {
            "Nombre" : "Paquete de Ligas Para el Cabello 46 Colores",
            "Precio" : "$",
            "LinkImg" : "../IMG/SECCION-MUJER/ACCESORIOS/ligas-para-cabello-scrunchies-de-saten-46-colores-D_NQ_NP_719334-MLM41448950410_042020-O.jpg"
        },

        {
            "Nombre" : "Matela Deportiva Color Rosa",
            "Precio" : "$900",
            "LinkImg" : "../IMG/SECCION-MUJER/ACCESORIOS/maleta-deportiva-gym-viaje-mochila-fitness-moda-D_NQ_NP_605213-MLM31999614617_082019-O.jpg"
        },

        {
            "Nombre" : "Maleta Deportiva Pata el Gimnasio",
            "Precio" : "$750",
            "LinkImg" : "../IMG/SECCION-MUJER/ACCESORIOS/maleta-deportiva-gym-viaje-mochila-fitness-moda-D_NQ_NP_795966-MLM41514020824_042020-O.jpg"
        },

        {
            "Nombre" : "Mochila de Piel Color Negro",
            "Precio" : "$500",
            "LinkImg" : "../IMG/SECCION-MUJER/ACCESORIOS/mochila-backpack-de-dama-100-piel-convertible-a-bolso-woge-D_NQ_NP_664233-MLM31738051565_082019-O.jpg"
        },

        {
            "Nombre" : "Collar de Diamantes en Forma de Corazón",
            "Precio" : "$5500",
            "LinkImg" : "../IMG/SECCION-MUJER/ACCESORIOS/precioso-collar-corazon-swarovski-oro-rosa-14k-lam-estuche-D_NQ_NP_994855-MLM31237499668_062019-O.jpg"
        },

        {
            "Nombre" : "Reloj Inteligente Smartwatch",
            "Precio" : "$1100",
            "LinkImg" : "../IMG/SECCION-MUJER/ACCESORIOS/reloj-inteligente-kingwear-kw10-impermeable-ip68-para-mujer-D_NQ_NP_956801-MLM32538590442_102019-O.jpg"
        }
    ],

    "Camisas" : [
        {
            "Nombre" : "Camisa Color Naranja",
            "Precio" : "$150",
            "LinkImg" : "../IMG/SECCION-MUJER/CAMISAS/blusa-camisa-moda-dama-manga-larga-D_NQ_NP_787924-MLM41225453533_032020-O.jpg"
        },

        {
            "Nombre" : "Blusa de Flores Manga Corta",
            "Precio" : "$240",
            "LinkImg" : "../IMG/SECCION-MUJER/CAMISAS/blusa-dama-floreada-de-moda-manga-corta-cuello-de-camisa-D_NQ_NP_933942-MLM42419903585_062020-O.jpg"
        },

        {
            "Nombre" : "Blusa de Mezclilla",
            "Precio" : "$300",
            "LinkImg" : "../IMG/SECCION-MUJER/CAMISAS/blusa-para-mujer-de-mezclilla-trabajo-industrial-uso-rudo-D_NQ_NP_684036-MLM40366754662_012020-O.jpg"
        },

        {
            "Nombre" : "Blusa Sin Mangas",
            "Precio" : "$120",
            "LinkImg" : "../IMG/SECCION-MUJER/CAMISAS/blusas-dama-casuales-camisa-sin-manga-moda-estampada-moderna-D_NQ_NP_814181-MLM41446929029_042020-O.jpg"
        },

        {
            "Nombre" : "Camisa Color Blanco con Bordado en el Pecho",
            "Precio" : "$220",
            "LinkImg" : "../IMG/SECCION-MUJER/CAMISAS/camisa-blanca-con-bordado-en-pecho-devendi-D_NQ_NP_762856-MLM42336945807_062020-O.jpg"
        },

        {
            "Nombre" : "Camisa Corte Boxy Casual",
            "Precio" : "$132",
            "LinkImg" : "../IMG/SECCION-MUJER/CAMISAS/camisa-casual-de-mujer-ca-corte-boxy-D_NQ_NP_861206-MLM43258724278_082020-O.jpg"
        },

        {
            "Nombre" : "Camisa de Mezclilla con Bordado",
            "Precio" : "$200",
            "LinkImg" : "../IMG/SECCION-MUJER/CAMISAS/camisa-dama-azul-devendi-mezclilla-con-bordado-D_NQ_NP_844122-MLM42406889457_062020-O.jpg"
        },

        {
            "Nombre" : "Camisa Negra con Ajuste en la Cintura",
            "Precio" : "$145",
            "LinkImg" : "../IMG/SECCION-MUJER/CAMISAS/camisa-dama-negro-devendi-con-ajuste-en-cintura-D_NQ_NP_980390-MLM32873294101_112019-O.jpg"
        },

        {
            "Nombre" : "Camisa Hawaina",
            "Precio" : "$250",
            "LinkImg" : "../IMG/SECCION-MUJER/CAMISAS/camisa-hawaiana-ielgy-sensual-escote-en-v-para-mujer-D_NQ_NP_627951-MLM41567044554_042020-O.jpg"
        },

        {
            "Nombre" : "Camisa Manga Larga Holgada",
            "Precio" : "$300",
            "LinkImg" : "../IMG/SECCION-MUJER/CAMISAS/camisa-manga-larga-de-mujer-ca-denim-holgada-D_NQ_NP_944441-MLM43258748106_082020-O.jpg"
        }
    ],

    "Pantalones" : [
        {
            "Nombre" : "Jeans Corte Colombiano",
            "Precio" : "$200",
            "LinkImg" : "../IMG/SECCION-MUJER/PANTALONES/jeans-dama-corte-colombiano-razgados-michaelo-jeans-ref6422-D_NQ_NP_992118-MLM41905646190_052020-O.jpg"
        },

        {
            "Nombre" : "Jeans Super Skinn",
            "Precio" : "$240",
            "LinkImg" : "../IMG/SECCION-MUJER/PANTALONES/jeans-super-skinny-de-mujer-ca-1053279-D_NQ_NP_834055-MLM43258744652_082020-O.jpg"
        },

        {
            "Nombre" : "Jooger Para Mujer Negro",
            "Precio" : "$400",
            "LinkImg" : "../IMG/SECCION-MUJER/PANTALONES/jogger-pantalon-para-mujer-aditivo-negro-oxford-cool-sexy-D_NQ_NP_951956-MLM42067410527_062020-O.jpg"
        },

        {
            "Nombre" : "Jogger Para Mujer Gris",
            "Precio" : "$400",
            "LinkImg" : "../IMG/SECCION-MUJER/PANTALONES/jogger-para-mujer-moda-diseno-original-comodo-de-calidad-D_NQ_NP_604099-MLM42067458754_062020-O.jpg"
        },

        {
            "Nombre" : "Pantalon Furor Color Gris",
            "Precio" : "$310",
            "LinkImg" : "../IMG/SECCION-MUJER/PANTALONES/pantalon-furor-mujer-gris-gabardina-stretch-chino-skinny--D_NQ_NP_648579-MLM40536029482_012020-O.jpg"
        },

        {
            "Nombre" : "Pantalon Fit Para Mujer",
            "Precio" : "$200",
            "LinkImg" : "../IMG/SECCION-MUJER/PANTALONES/pantalon-push-up-skinny-fit-mujer-varios-colores-lob-D_NQ_NP_721946-MLM41476178058_042020-O.jpg"
        },

        {
            "Nombre" : "Umarah Jeans de Mezclilla",
            "Precio" : "$250",
            "LinkImg" : "../IMG/SECCION-MUJER/PANTALONES/umarah-jeans-dama-mezclilla-stretch-push-up-blcl1-D_NQ_NP_721616-MLM43187860338_082020-O.jpg"
        },

        {
            "Nombre" : "Jeans Para Mujer Azul Marino",
            "Precio" : "$260",
            "LinkImg" : "../IMG/SECCION-MUJER/PANTALONES/umarah-jeans-mujer-mezclilla-stretch-push-up-azul-lat02-D_NQ_NP_954278-MLM42644875472_072020-O.jpg"
        },

        {
            "Nombre" : "Jeans Para Mujer Negros",
            "Precio" : "$300",
            "LinkImg" : "../IMG/SECCION-MUJER/PANTALONES/umarah-jeans-mujer-mezclilla-stretch-push-up-negro-nl61-D_NQ_NP_934823-MLM43251099994_082020-O.jpg"
        },

        {
            "Nombre" : "Pantalones de Mezclilla",
            "Precio" : "$125",
            "LinkImg" : "../IMG/SECCION-MUJER/PANTALONES/umarah-jeans-mujer-mezclilla-stretch-push-up-swam1-D_NQ_NP_838985-MLM43187818954_082020-O.jpg"
        },

        {
            "Nombre" : "Pantalon con Costuras Rotas",
            "Precio" : "$370",
            "LinkImg" : "../IMG/SECCION-MUJER/PANTALONES/umarah-jeans-mujer-mezclilla-stretch-roturas-push-up-ds54-D_NQ_NP_794853-MLM43187792397_082020-O.jpg"
        }
    ],

    "Playeras" : [
        {
            "Nombre" : "Playeca con Cruz de Elite",
            "Precio" : "$100",
            "LinkImg" : "../IMG/SECCION-MUJER/PLAYERAS/blusa-playera-camiseta-dama-faith-fe-cruz-elite-509-D_NQ_NP_991491-MLM31237927131_062019-O.jpg"
        },

        {
            "Nombre" : "Playera Nike",
            "Precio" : "$450",
            "LinkImg" : "../IMG/SECCION-MUJER/PLAYERAS/playera-con-estampado-para-mujer-nike-sportswear-D_NQ_NP_732056-MLM42978931765_082020-O.jpg"
        },

        {
            "Nombre" : "Playera Coronaviruz Arruino Mi Vida",
            "Precio" : "$200",
            "LinkImg" : "../IMG/SECCION-MUJER/PLAYERAS/playera-coronaviru-arruino-mi-fiesta-ruined-my-birthday-D_NQ_NP_628393-MLM41895093756_052020-O.jpg"
        },

        {
            "Nombre" : "Playera Corta Color Amarillo",
            "Precio" : "$250",
            "LinkImg" : "../IMG/SECCION-MUJER/PLAYERAS/playera-cropped-de-mujer-ca-manga-corta-basica-D_NQ_NP_747323-MLM43223107970_082020-O.jpg"
        },

        {
            "Nombre" : "Playera con Cuello de Pico Multicolor",
            "Precio" : "$120",
            "LinkImg" : "../IMG/SECCION-MUJER/PLAYERAS/playera-cuello-pico-de-mujer-ca-estampada-basica-D_NQ_NP_885120-MLM43258788826_082020-O.jpg"
        },

        {
            "Nombre" : "Playera Color Crema",
            "Precio" : "$220",
            "LinkImg" : "../IMG/SECCION-MUJER/PLAYERAS/playera-de-mujer-ca-con-mangas-roll-up-basica-D_NQ_NP_958893-MLM43223107528_082020-O.jpg"
        },

        {
            "Nombre" : "Playera Queen Mujer",
            "Precio" : "$250",
            "LinkImg" : "../IMG/SECCION-MUJER/PLAYERAS/playera-mujer-de-moda-queen-cool-diseno-original-D_NQ_NP_688764-MLM42067432094_062020-O.jpg"
        },

        {
            "Nombre" : "Playera Meow",
            "Precio" : "$240",
            "LinkImg" : "../IMG/SECCION-MUJER/PLAYERAS/playera-mujer-original-juvenil-blusa-sexy-estampado-gato-D_NQ_NP_749625-MLM42067451691_062020-O.jpg"
        },

        {
            "Nombre" : "Playera Polo Azul",
            "Precio" : "$80",
            "LinkImg" : "../IMG/SECCION-MUJER/PLAYERAS/playera-polo-para-dama-sartex-suavizada-premium-D_NQ_NP_663342-MLM42276542420_062020-O.jpg"
        },

        {
            "Nombre" : "Playera Roja Estampado de Perrito",
            "Precio" : "$190",
            "LinkImg" : "../IMG/SECCION-MUJER/PLAYERAS/playera-roja-aditivo-de-dama-estampada-animal-perrito-cool-D_NQ_NP_925429-MLM42956646523_072020-O.jpg"
        }
    ],

    "Sueteres" : [
        {
            "Nombre" : "Sueter Adidas Rosado",
            "Precio" : "$500",
            "LinkImg" : "../IMG/SECCION-MUJER/SUETERES/sueter-adidas-rosa-du8485-mujer-D_NQ_NP_951150-MLM42809561005_072020-O.jpg"
        },

        {
            "Nombre" : "Sueter Start Color Gris",
            "Precio" : "$420",
            "LinkImg" : "../IMG/SECCION-MUJER/SUETERES/sueter-basico-logo-star-laboratories-dama-y-caballero-D_NQ_NP_935255-MLM31369589796_072019-O.jpg"
        },

        {
            "Nombre" : "Sueter Casual Tejido Amarillo",
            "Precio" : "$300",
            "LinkImg" : "../IMG/SECCION-MUJER/SUETERES/sueter-casual-dama-tej-182018-amarillo-chi-xgd-091-534-t4-D_NQ_NP_992636-MLM31592246057_072019-O.jpg"
        },

        {
            "Nombre" : "Sueter Chamarra Color Gris",
            "Precio" : "$150",
            "LinkImg" : "../IMG/SECCION-MUJER/SUETERES/sueter-chamarra-cierres-juvenil-tejido-ligero-caliete-bonito-D_NQ_NP_668880-MLM41821969029_052020-O.jpg"
        },

        {
            "Nombre" : "Sueter Chamarra Tejido Amarillo",
            "Precio" : "$300",
            "LinkImg" : "../IMG/SECCION-MUJER/SUETERES/sueter-chamarra-cierres-juvenil-tejido-sueter-casual-formal-D_NQ_NP_663995-MLM42287218326_062020-O.jpg"
        },

        {
            "Nombre" : "Sueter Color Negro",
            "Precio" : "$280",
            "LinkImg" : "../IMG/SECCION-MUJER/SUETERES/sueter-chaps-negro-206730279-2wbo-mujer-D_NQ_NP_925198-MLM32672922752_102019-O.jpg"
        },

        {
            "Nombre" : "Sueter Polo Multicolor",
            "Precio" : "$420",
            "LinkImg" : "../IMG/SECCION-MUJER/SUETERES/sueter-regular-fit-us-polo-multicolor-uszswtl412287-mujer-D_NQ_NP_940615-MLM32646071330_102019-O.jpg"
        },

        {
            "Nombre" : "Sueter Tejido Tricolor",
            "Precio" : "$310",
            "LinkImg" : "../IMG/SECCION-MUJER/SUETERES/sueter-tejido-combinado-D_NQ_NP_613438-MLM41790880792_052020-O.jpg"
        },

        {
            "Nombre" : "Sueter Cuello Alto Color Rojo",
            "Precio" : "$250",
            "LinkImg" : "../IMG/SECCION-MUJER/SUETERES/sueter-tejido-cuello-alto-manga-larga-para-mujer-D_NQ_NP_799915-CBT41911291558_052020-O.jpg"
        },

        {
            "Nombre" : "Sueter Tejido Para Dama Negro",
            "Precio" : "$145",
            "LinkImg" : "../IMG/SECCION-MUJER/SUETERES/sueter-tejido-dama-D_NQ_NP_977167-MLM41807964355_052020-O.jpg"
        }
    ],

    "Tennis" : [
        {
            "Nombre" : "Tennis Negros de Tela",
            "Precio" : "$250",
            "LinkImg" : "../IMG/SECCION-MUJER/TENNIS/sneakers-casuales-de-mujer-ca-basicos-con-agujetas-al-tono-D_NQ_NP_661256-MLM43223103836_082020-O.jpg"
        },

        {
            "Nombre" : "Tennis Negros Plataforma Alta",
            "Precio" : "$300",
            "LinkImg" : "../IMG/SECCION-MUJER/TENNIS/sneakers-casuales-de-mujer-ca-basicos-con-plataforma-D_NQ_NP_921090-MLM43258899112_082020-O.jpg"
        },

        {
            "Nombre" : "Tennis Plataforma Alta de Tela",
            "Precio" : "$290",
            "LinkImg" : "../IMG/SECCION-MUJER/TENNIS/sneakers-casuales-de-mujer-ca-de-coleccion-D_NQ_NP_706979-MLM43258845941_082020-O.jpg"
        },

        {
            "Nombre" : "Tennis Rosados",
            "Precio" : "$400",
            "LinkImg" : "../IMG/SECCION-MUJER/TENNIS/sneakers-casuales-de-mujer-ca-de-punta-redonda-D_NQ_NP_853422-MLM43258865637_082020-O.jpg"
        },

        {
            "Nombre" : "Tennis Adidas Rosado / Blaco",
            "Precio" : "$800",
            "LinkImg" : "../IMG/SECCION-MUJER/TENNIS/tenis-adidas-mujer-blancos-rosa-adidas-originals-neo-aw4102-D_NQ_NP_757193-MLM31953742850_082019-O.jpg"
        },

        {
            "Nombre" : "Tennis Adidas Negros",
            "Precio" : "$800",
            "LinkImg" : "../IMG/SECCION-MUJER/TENNIS/tenis-adidas-mujer-negro-advantage-base-ee7511-D_NQ_NP_889547-MLM43282864070_082020-O.jpg"
        },

        {
            "Nombre" : "Tennis Adidas Negro / Rosados",
            "Precio" : "$950",
            "LinkImg" : "../IMG/SECCION-MUJER/TENNIS/tenis-adidas-para-mujer-vs-advantage-negro-bb9623-add1226-D_NQ_NP_601196-MLM41521408300_042020-O.jpg"
        },

        {
            "Nombre" : "Sneakers Amarillos",
            "Precio" : "$250",
            "LinkImg" : "../IMG/SECCION-MUJER/TENNIS/tenis-dama-capa-de-ozono-334522-sneacker-colores-actuales-D_NQ_NP_935373-MLM40516979080_012020-O.jpg"
        },

        {
            "Nombre" : "Tennis Deportivos Color Negros",
            "Precio" : "$430",
            "LinkImg" : "../IMG/SECCION-MUJER/TENNIS/tenis-de-deporte-under-armour-dama-negro-3021965-001-D_NQ_NP_745793-MLM42589606062_072020-O.jpg"
        },

        {
            "Nombre" : "Tennis Panam Color Azul",
            "Precio" : "$340",
            "LinkImg" : "../IMG/SECCION-MUJER/TENNIS/tenis-panam-dama-84-D_NQ_NP_787447-MLM32840589165_112019-O.jpg"
        },

        {
            "Nombre" : "Tennis Color Azul Claro",
            "Precio" : "$330",
            "LinkImg" : "../IMG/SECCION-MUJER/TENNIS/tenis-para-enfermeras-winix-D_NQ_NP_887782-MLM42943975038_072020-O.jpg"
        }
    ]

}